postid;userid;pdate;content
1;1;20230710;Lorem ipsum dolor sit amet, consectetur adipiscing elit.
2;2;20230711;Vivamus luctus urna sed urna ultricies ac tempor dui sagittis.
3;3;20230712;In condimentum facilisis porta. Sed nec diam eu diam mattis viverra.
4;4;20230713;Aenean eu leo quam. Pellentesque ornare sem lacinia quam venenatis vestibulum.
5;5;20230714;Curabitur blandit tempus porttitor. Integer posuere erat a ante venenatis dapibus.
6;6;20230715;Vestibulum id ligula porta felis euismod semper.
7;7;20230716;Praesent commodo cursus magna, vel scelerisque nisl consectetur et.
8;8;20230717;Donec ullamcorper nulla non metus auctor fringilla.
9;9;20230718;Nulla vitae elit libero, a pharetra augue.
10;10;20230719;Maecenas sed diam eget risus varius blandit sit amet non magna.
11;1;20230720;Cras mattis consectetur purus sit amet fermentum.
12;2;20230721;Etiam porta sem malesuada magna mollis euismod.
13;3;20230722;Donec id elit non mi porta gravida at eget metus.
14;4;20230723;Morbi leo risus, porta ac consectetur ac, vestibulum at eros.
15;5;20230724;Sed posuere consectetur est at lobortis.
16;6;20230725;Aenean lacinia bibendum nulla sed consectetur.
17;7;20230726;Cras justo odio, dapibus ac facilisis in, egestas eget quam.
18;8;20230727;Fusce dapibus, tellus ac cursus commodo, tortor mauris condimentum nibh.
19;9;20230728;Integer posuere erat a ante venenatis dapibus posuere velit aliquet.
20;10;20230729;Lorem ipsum dolor sit amet, consectetur adipiscing elit.
21;1;20230730;Vivamus sagittis lacus vel augue laoreet rutrum faucibus dolor auctor.
22;2;20230731;Aenean eu leo quam. Pellentesque ornare sem lacinia quam venenatis vestibulum.
23;3;20230801;Etiam porta sem malesuada magna mollis euismod.
24;4;20230802;Nullam id dolor id nibh ultricies vehicula ut id elit.
25;5;20230803;Integer posuere erat a ante venenatis dapibus posuere velit aliquet.
26;6;20230804;Maecenas faucibus mollis interdum.
27;7;20230805;Donec ullamcorper nulla non metus auctor fringilla.
28;8;20230806;Cras justo odio, dapibus ac facilisis in, egestas eget quam.
29;9;20230807;Sed posuere consectetur est at lobortis.
30;10;20230808;Lorem ipsum dolor sit amet, consectetur adipiscing elit.
31;1;20230809;Donec id elit non mi porta gravida at eget metus.
32;2;20230810;Vivamus sagittis lacus vel augue laoreet rutrum faucibus dolor auctor.
33;3;20230811;Aenean lacinia bibendum nulla sed consectetur.
34;4;20230812;Curabitur blandit tempus porttitor.
35;5;20230813;Nulla vitae elit libero, a pharetra augue.
36;6;20230814;Etiam porta sem malesuada magna mollis euismod.
37;7;20230815;Morbi leo risus, porta ac consectetur ac, vestibulum at eros.
38;8;20230816;Maecenas sed diam eget risus varius blandit sit amet non magna.
39;9;20230817;Aenean lacinia bibendum nulla sed consectetur.
40;10;20230818;Vestibulum id ligula porta felis euismod semper.
41;1;20230819;Donec id elit non mi porta gravida at eget metus.
42;2;20230820;Lorem ipsum dolor sit amet, consectetur adipiscing elit.
43;3;20230821;Vivamus sagittis lacus vel augue laoreet rutrum faucibus dolor auctor.
44;4;20230822;Maecenas faucibus mollis interdum.
45;5;20230823;Curabitur blandit tempus porttitor.
46;6;20230824;Donec ullamcorper nulla non metus auctor fringilla.
47;7;20230825;Nulla vitae elit libero, a pharetra augue.
48;8;20230826;Integer posuere erat a ante venenatis dapibus posuere velit aliquet.
49;9;20230827;Etiam porta sem malesuada magna mollis euismod.
50;10;20230828;Vestibulum id ligula porta felis euismod semper.
51;1;20230829;Morbi leo risus, porta ac consectetur ac, vestibulum at eros.
52;2;20230830;Aenean eu leo quam. Pellentesque ornare sem lacinia quam venenatis vestibulum.
53;3;20230831;Praesent commodo cursus magna, vel scelerisque nisl consectetur et.
54;4;20230901;Donec ullamcorper nulla non metus auctor fringilla.
55;5;20230902;Sed posuere consectetur est at lobortis.
56;6;20230903;Maecenas faucibus mollis interdum.
57;7;20230904;Cras justo odio, dapibus ac facilisis in, egestas eget quam.
58;8;20230905;Curabitur blandit tempus porttitor.
59;9;20230906;Aenean lacinia bibendum nulla sed consectetur.
60;10;20230907;Vestibulum id ligula porta felis euismod semper.
61;1;20230908;Donec id elit non mi porta gravida at eget metus.
62;2;20230909;Nullam id dolor id nibh ultricies vehicula ut id elit.
63;3;20230910;Vivamus sagittis lacus vel augue laoreet rutrum faucibus dolor auctor.
64;4;20230911;Maecenas sed diam eget risus varius blandit sit amet non magna.
65;5;20230912;Etiam porta sem malesuada magna mollis euismod.
66;6;20230913;Lorem ipsum dolor sit amet, consectetur adipiscing elit.
67;7;20230914;Curabitur blandit tempus porttitor.
68;8;20230915;Nulla vitae elit libero, a pharetra augue.
69;9;20230916;Integer posuere erat a ante venenatis dapibus posuere velit aliquet.
70;10;20230917;Donec ullamcorper nulla non metus auctor fringilla.
71;1;20230918;Praesent commodo cursus magna, vel scelerisque nisl consectetur et.
72;2;20230919;Donec id elit non mi porta gravida at eget metus.
73;3;20230920;Aenean eu leo quam. Pellentesque ornare sem lacinia quam venenatis vestibulum.
74;4;20230921;Etiam porta sem malesuada magna mollis euismod.
75;5;20230922;Vestibulum id ligula porta felis euismod semper.
76;6;20230923;Morbi leo risus, porta ac consectetur ac, vestibulum at eros.
77;7;20230924;Maecenas sed diam eget risus varius blandit sit amet non magna.
78;8;20230925;Aenean lacinia bibendum nulla sed consectetur.
79;9;20230926;Fusce dapibus, tellus ac cursus commodo, tortor mauris condimentum nibh.
80;10;20230927;Curabitur blandit tempus porttitor.
81;1;20230928;Donec id elit non mi porta gravida at eget metus.
82;2;20230929;Nullam id dolor id nibh ultricies vehicula ut id elit.
83;3;20230930;Vestibulum id ligula porta felis euismod semper.
84;4;20231001;Donec ullamcorper nulla non metus auctor fringilla.
85;5;20231002;Integer posuere erat a ante venenatis dapibus posuere velit aliquet.
86;6;20231003;Maecenas sed diam eget risus varius blandit sit amet non magna.
87;7;20231004;Praesent commodo cursus magna, vel scelerisque nisl consectetur et.
88;8;20231005;Aenean eu leo quam. Pellentesque ornare sem lacinia quam venenatis vestibulum.
89;9;20231006;Morbi leo risus, porta ac consectetur ac, vestibulum at eros.
90;10;20231007;Etiam porta sem malesuada magna mollis euismod.
91;1;20231008;Lorem ipsum dolor sit amet, consectetur adipiscing elit.
92;2;20231009;Vivamus sagittis lacus vel augue laoreet rutrum faucibus dolor auctor.
93;3;20231010;Curabitur blandit tempus porttitor.
94;4;20231011;Nulla vitae elit libero, a pharetra augue.
95;5;20231012;Integer posuere erat a ante venenatis dapibus posuere velit aliquet.
96;6;20231013;Donec ullamcorper nulla non metus auctor fringilla.
97;7;20231014;Praesent commodo cursus magna, vel scelerisque nisl consectetur et.
98;8;20231015;Donec id elit non mi porta gravida at eget metus.
99;9;20231016;Aenean eu leo quam. Pellentesque ornare sem lacinia quam venenatis vestibulum.
100;10;20231017;Maecenas faucibus mollis interdum.